Model,Accuracy_Train,Precision_Train,Recall_Train,F1_Train,AUC_Train,Accuracy_Test,Precision_Test,Recall_Test,F1_Test,AUC_Test,AUC_Gap,Acc_Gap,Training Time (s)
Random Forest,0.9999271243259,0.999955879108758,0.9999117621106504,0.9999338201230946,0.9999998372368664,0.9009986255353853,0.9882885816064657,0.8647908095289968,0.9224244645147451,0.9812677351933895,0.0187,0.0989,2.49816047538945
XGBoost,0.9891415245591022,0.9939531368102796,0.9862790082061237,0.9901012024713777,0.9993926398272445,0.9007762018010619,0.9874903164720397,0.8651762596257783,0.9222956677087986,0.9855405283718803,0.0139,0.0884,4.802857225639665
Decision Tree,0.9999271243259,1.0,0.9998676431659754,0.999933817203115,0.9999999886721628,0.8960996002075955,0.9814509755377598,0.8636679766383724,0.9188001426279194,0.9144750919334391,0.0855,0.1038,3.9279757672456204
Logistic Regression,0.896783753583054,0.8993451580727698,0.9149386746669019,0.9070749043193002,0.9689111671010991,0.8753058326346946,0.9658220952126083,0.8467584484795669,0.9023797830066527,0.9696788127837757,-0.0008,0.0215,3.3946339367881464
SVM,0.9386508283534956,0.9524226699912393,0.9352995676343422,0.9437834589144009,0.9833796235461615,0.8803417341066836,0.9795522358952357,0.8417643559212676,0.9054462696320331,0.9606479964525424,0.0227,0.0583,1.624074561769746
Neural Network,0.9748821843268717,0.9806256665481692,0.9736168710844436,0.9771087004649104,0.997394917616814,0.8936073137486383,0.9853740840725029,0.8563947008991043,0.9163681683485684,0.9794669581283885,0.0179,0.0813,1.6239780813448106
